dir,seg_name,status,matched_signals,fs,n_samples,output_path,error,elapsed_sec
mimic3wdb/1.0/30/3000003,3000003_0007,downloaded,ABP,125.0,2155174.0,downloaded_signals\3000003_0007.csv,,
mimic3wdb/1.0/30/3000003,3000003_0008,downloaded,ABP,125.0,217500.0,downloaded_signals\3000003_0008.csv,,
mimic3wdb/1.0/30/3000003,3000003_0009,downloaded,ABP,125.0,877500.0,downloaded_signals\3000003_0009.csv,,
mimic3wdb/1.0/30/3000003,3000003_0010,downloaded,ABP,125.0,1343738.0,downloaded_signals\3000003_0010.csv,,
mimic3wdb/1.0/30/3000003,3000003_0013,downloaded,ABP,125.0,523378.0,downloaded_signals\3000003_0013.csv,,
mimic3wdb/1.0/30/3000003,3000003_0014,downloaded,ABP,125.0,2400000.0,downloaded_signals\3000003_0014.csv,,
mimic3wdb/1.0/30/3000063,3000063_0006,downloaded,ABP,125.0,742015.0,downloaded_signals\3000063_0006.csv,,
mimic3wdb/1.0/30/3000063,3000063_0007,downloaded,ABP,125.0,382110.0,downloaded_signals\3000063_0007.csv,,
mimic3wdb/1.0/30/3000063,3000063_0010,downloaded,ABP,125.0,89344.0,downloaded_signals\3000063_0010.csv,,
mimic3wdb/1.0/30/3000063,3000063_0011,downloaded,ABP,125.0,357504.0,downloaded_signals\3000063_0011.csv,,
mimic3wdb/1.0/30/3000063,3000063_0012,downloaded,ABP,125.0,74624.0,downloaded_signals\3000063_0012.csv,,
mimic3wdb/1.0/30/3000063,3000063_0013,downloaded,ABP,125.0,120448.0,downloaded_signals\3000063_0013.csv,,
mimic3wdb/1.0/30/3000063,3000063_0014,downloaded,ABP,125.0,276224.0,downloaded_signals\3000063_0014.csv,,
mimic3wdb/1.0/30/3000063,3000063_0015,downloaded,ABP,125.0,277376.0,downloaded_signals\3000063_0015.csv,,
mimic3wdb/1.0/30/3000063,3000063_0016,downloaded,ABP,125.0,1001537.0,downloaded_signals\3000063_0016.csv,,
mimic3wdb/1.0/30/3000063,3000063_0018,downloaded,ABP,125.0,604033.0,downloaded_signals\3000063_0018.csv,,
mimic3wdb/1.0/30/3000063,3000063_0019,downloaded,ABP,125.0,112000.0,downloaded_signals\3000063_0019.csv,,
mimic3wdb/1.0/30/3000063,3000063_0020,downloaded,ABP,125.0,4773842.0,downloaded_signals\3000063_0020.csv,,
mimic3wdb/1.0/30/3000063,3000063_0022,downloaded,ABP,125.0,5847070.0,downloaded_signals\3000063_0022.csv,,
mimic3wdb/1.0/30/3000063,3000063_0023,downloaded,ABP,125.0,1417305.0,downloaded_signals\3000063_0023.csv,,
mimic3wdb/1.0/30/3000063,3000063_0025,downloaded,ABP,125.0,2395875.0,downloaded_signals\3000063_0025.csv,,
mimic3wdb/1.0/30/3000063,3000063_0029,downloaded,ABP,125.0,8849712.0,downloaded_signals\3000063_0029.csv,,
mimic3wdb/1.0/30/3000063,3000063_0030,downloaded,ABP,125.0,43125.0,downloaded_signals\3000063_0030.csv,,
mimic3wdb/1.0/30/3000063,3000063_0033,downloaded,ABP,125.0,1373750.0,downloaded_signals\3000063_0033.csv,,
mimic3wdb/1.0/30/3000105,3000105_0008,downloaded,ABP,125.0,1653656.0,downloaded_signals\3000105_0008.csv,,
mimic3wdb/1.0/30/3000105,3000105_0009,downloaded,ABP,125.0,597724.0,downloaded_signals\3000105_0009.csv,,
mimic3wdb/1.0/30/3000105,3000105_0011,downloaded,ABP,125.0,249648.0,downloaded_signals\3000105_0011.csv,,
mimic3wdb/1.0/30/3000126,3000126_0004,downloaded,ABP,125.0,80238.0,downloaded_signals\3000126_0004.csv,,
mimic3wdb/1.0/30/3000126,3000126_0006,downloaded,ABP,125.0,1515834.0,downloaded_signals\3000126_0006.csv,,
mimic3wdb/1.0/30/3000126,3000126_0007,downloaded,ABP,125.0,6337500.0,downloaded_signals\3000126_0007.csv,,
mimic3wdb/1.0/30/3000126,3000126_0008,downloaded,ABP,125.0,1215000.0,downloaded_signals\3000126_0008.csv,,
mimic3wdb/1.0/30/3000126,3000126_0009,downloaded,ABP,125.0,3142500.0,downloaded_signals\3000126_0009.csv,,
mimic3wdb/1.0/30/3000126,3000126_0012,downloaded,ABP,125.0,6277500.0,downloaded_signals\3000126_0012.csv,,
mimic3wdb/1.0/30/3000126,3000126_0013,downloaded,ABP,125.0,8137500.0,downloaded_signals\3000126_0013.csv,,
mimic3wdb/1.0/30/3000189,3000189_0001,downloaded,ABP,125.0,1905000.0,downloaded_signals\3000189_0001.csv,,
mimic3wdb/1.0/30/3000189,3000189_0004,downloaded,ABP,125.0,2827500.0,downloaded_signals\3000189_0004.csv,,
mimic3wdb/1.0/30/3000189,3000189_0007,downloaded,ABP,125.0,89333.0,downloaded_signals\3000189_0007.csv,,
mimic3wdb/1.0/30/3000189,3000189_0008,downloaded,ABP,125.0,1746443.0,downloaded_signals\3000189_0008.csv,,
mimic3wdb/1.0/30/3000189,3000189_0009,downloaded,ABP,125.0,7853557.0,downloaded_signals\3000189_0009.csv,,
mimic3wdb/1.0/30/3000189,3000189_0010,downloaded,ABP,125.0,2527500.0,downloaded_signals\3000189_0010.csv,,
mimic3wdb/1.0/30/3000189,3000189_0011,downloaded,ABP,125.0,1672500.0,downloaded_signals\3000189_0011.csv,,
mimic3wdb/1.0/30/3000189,3000189_0012,downloaded,ABP,125.0,13830000.0,downloaded_signals\3000189_0012.csv,,
mimic3wdb/1.0/30/3000189,3000189_0014,downloaded,ABP,125.0,5722500.0,downloaded_signals\3000189_0014.csv,,
mimic3wdb/1.0/30/3000189,3000189_0015,downloaded,ABP,125.0,12690000.0,downloaded_signals\3000189_0015.csv,,
mimic3wdb/1.0/30/3000189,3000189_0017,downloaded,ABP,125.0,8797500.0,downloaded_signals\3000189_0017.csv,,
mimic3wdb/1.0/30/3000189,3000189_0019,downloaded,ABP,125.0,75000.0,downloaded_signals\3000189_0019.csv,,
mimic3wdb/1.0/30/3000189,3000189_0020,downloaded,ABP,125.0,2182500.0,downloaded_signals\3000189_0020.csv,,
mimic3wdb/1.0/30/3000189,3000189_0022,downloaded,ABP,125.0,3945000.0,downloaded_signals\3000189_0022.csv,,
mimic3wdb/1.0/30/3000282,3000282_0005,downloaded,ABP,125.0,7292669.0,downloaded_signals\3000282_0005.csv,,
mimic3wdb/1.0/30/3000393,3000393_0010,downloaded,ABP,125.0,619875.0,downloaded_signals\3000393_0010.csv,,35.0
mimic3wdb/1.0/30/3000282,3000282_0006,downloaded,ABP,125.0,2542500.0,downloaded_signals\3000282_0006.csv,,47.1
mimic3wdb/1.0/30/3000393,3000393_0013,downloaded,ABP,125.0,101250.0,downloaded_signals\3000393_0013.csv,,49.7
mimic3wdb/1.0/30/3000282,3000282_0008,downloaded,ABP,125.0,1680000.0,downloaded_signals\3000282_0008.csv,,56.5
mimic3wdb/1.0/30/3000393,3000393_0002,downloaded,ABP,125.0,113500.0,downloaded_signals\3000393_0002.csv,,149.1
mimic3wdb/1.0/30/3000393,3000393_0008,downloaded,ABP,125.0,1823125.0,downloaded_signals\3000393_0008.csv,,151.6
mimic3wdb/1.0/30/3000282,3000282_0007,downloaded,ABP,125.0,7507500.0,downloaded_signals\3000282_0007.csv,,154.3
mimic3wdb/1.0/30/3000393,3000393_0015,downloaded,ABP,125.0,358875.0,downloaded_signals\3000393_0015.csv,,133.5
mimic3wdb/1.0/30/3000393,3000393_0016,downloaded,ABP,125.0,72875.0,downloaded_signals\3000393_0016.csv,,124.1
mimic3wdb/1.0/30/3000393,3000393_0019,downloaded,ABP,125.0,600125.0,downloaded_signals\3000393_0019.csv,,151.2
mimic3wdb/1.0/30/3000393,3000393_0005,downloaded,ABP,125.0,2165875.0,downloaded_signals\3000393_0005.csv,,243.0
mimic3wdb/1.0/30/3000393,3000393_0023,downloaded,ABP,125.0,784875.0,downloaded_signals\3000393_0023.csv,,119.8
mimic3wdb/1.0/30/3000393,3000393_0025,downloaded,ABP,125.0,216375.0,downloaded_signals\3000393_0025.csv,,127.9
mimic3wdb/1.0/30/3000393,3000393_0020,downloaded,ABP,125.0,2321250.0,downloaded_signals\3000393_0020.csv,,249.0
mimic3wdb/1.0/30/3000393,3000393_0028,downloaded,ABP,125.0,1089500.0,downloaded_signals\3000393_0028.csv,,185.8
mimic3wdb/1.0/30/3000393,3000393_0031,downloaded,ABP,125.0,1535750.0,downloaded_signals\3000393_0031.csv,,212.4
mimic3wdb/1.0/30/3000393,3000393_0034,downloaded,ABP,125.0,1268375.0,downloaded_signals\3000393_0034.csv,,234.9
mimic3wdb/1.0/30/3000393,3000393_0036,downloaded,ABP,125.0,1114625.0,downloaded_signals\3000393_0036.csv,,233.2
mimic3wdb/1.0/30/3000397,3000397_0003,downloaded,ABP,125.0,2501535.0,downloaded_signals\3000397_0003.csv,,194.5
mimic3wdb/1.0/30/3000397,3000397_0007,downloaded,ABP,125.0,46125.0,downloaded_signals\3000397_0007.csv,,158.5
mimic3wdb/1.0/30/3000397,3000397_0006,downloaded,ABP,125.0,2281814.0,downloaded_signals\3000397_0006.csv,,186.6
mimic3wdb/1.0/30/3000397,3000397_0004,downloaded,ABP,125.0,6187264.0,downloaded_signals\3000397_0004.csv,,249.7
mimic3wdb/1.0/30/3000397,3000397_0010,downloaded,ABP,125.0,1107625.0,downloaded_signals\3000397_0010.csv,,144.6
mimic3wdb/1.0/30/3000397,3000397_0008,downloaded,ABP,125.0,5776250.0,downloaded_signals\3000397_0008.csv,,195.3
mimic3wdb/1.0/30/3000397,3000397_0012,downloaded,ABP,125.0,807625.0,downloaded_signals\3000397_0012.csv,,129.9
mimic3wdb/1.0/30/3000480,3000480_0012,downloaded,ABP,125.0,53000.0,downloaded_signals\3000480_0012.csv,,99.8
mimic3wdb/1.0/30/3000480,3000480_0013,downloaded,ABP,125.0,83125.0,downloaded_signals\3000480_0013.csv,,76.8
mimic3wdb/1.0/30/3000435,3000435_0002,downloaded,ABP,125.0,8159500.0,downloaded_signals\3000435_0002.csv,,206.2
mimic3wdb/1.0/30/3000484,3000484_0008,downloaded,ABP,125.0,3207375.0,downloaded_signals\3000484_0008.csv,,157.1
mimic3wdb/1.0/30/3000596,3000596_0002,downloaded,ABP,125.0,2151875.0,downloaded_signals\3000596_0002.csv,,170.8
mimic3wdb/1.0/30/3000701,3000701_0003,downloaded,ABP,125.0,467078.0,downloaded_signals\3000701_0003.csv,,164.7
mimic3wdb/1.0/30/3000714,3000714_0001,downloaded,ABP,125.0,1109250.0,downloaded_signals\3000714_0001.csv,,220.3
mimic3wdb/1.0/30/3000714,3000714_0004,downloaded,ABP,125.0,827250.0,downloaded_signals\3000714_0004.csv,,260.4
mimic3wdb/1.0/30/3000714,3000714_0009,downloaded,ABP,125.0,143875.0,downloaded_signals\3000714_0009.csv,,262.6
mimic3wdb/1.0/30/3000714,3000714_0010,downloaded,ABP,125.0,1647625.0,downloaded_signals\3000714_0010.csv,,264.1
mimic3wdb/1.0/30/3000714,3000714_0014,downloaded,ABP,125.0,52125.0,downloaded_signals\3000714_0014.csv,,275.3
mimic3wdb/1.0/30/3000480,3000480_0018,downloaded,ABP,125.0,8113375.0,downloaded_signals\3000480_0018.csv,,513.8
mimic3wdb/1.0/30/3000714,3000714_0016,downloaded,ABP,125.0,1728125.0,downloaded_signals\3000714_0016.csv,,376.8
mimic3wdb/1.0/30/3000714,3000714_0018,downloaded,ABP,125.0,865375.0,downloaded_signals\3000714_0018.csv,,374.8
mimic3wdb/1.0/30/3000714,3000714_0012,downloaded,ABP,125.0,3720250.0,downloaded_signals\3000714_0012.csv,,457.4
mimic3wdb/1.0/30/3000714,3000714_0024,downloaded,ABP,125.0,109625.0,downloaded_signals\3000714_0024.csv,,332.5
mimic3wdb/1.0/30/3000714,3000714_0032,downloaded,ABP,125.0,746250.0,downloaded_signals\3000714_0032.csv,,276.7
mimic3wdb/1.0/30/3000714,3000714_0020,downloaded,ABP,125.0,1022000.0,downloaded_signals\3000714_0020.csv,,388.7
mimic3wdb/1.0/30/3000714,3000714_0038,downloaded,ABP,125.0,610500.0,downloaded_signals\3000714_0038.csv,,242.5
mimic3wdb/1.0/30/3000717,3000717_0002,downloaded,ART,125.0,2940125.0,downloaded_signals\3000717_0002.csv,,172.2
mimic3wdb/1.0/30/3000717,3000717_0016,downloaded,ABP,125.0,73625.0,downloaded_signals\3000717_0016.csv,,128.8
mimic3wdb/1.0/30/3000717,3000717_0006,downloaded,ABP,125.0,1616125.0,downloaded_signals\3000717_0006.csv,,131.6
mimic3wdb/1.0/30/3000717,3000717_0021,downloaded,ABP,125.0,175535.0,downloaded_signals\3000717_0021.csv,,127.7
mimic3wdb/1.0/30/3000717,3000717_0023,downloaded,ABP,125.0,299125.0,downloaded_signals\3000717_0023.csv,,88.0
mimic3wdb/1.0/30/3000714,3000714_0035,downloaded,ABP,125.0,3283250.0,downloaded_signals\3000714_0035.csv,,410.4
mimic3wdb/1.0/30/3000717,3000717_0033,downloaded,ABP,125.0,395875.0,downloaded_signals\3000717_0033.csv,,160.4
mimic3wdb/1.0/30/3000717,3000717_0036,downloaded,ABP,125.0,359375.0,downloaded_signals\3000717_0036.csv,,138.8
mimic3wdb/1.0/30/3000717,3000717_0024,downloaded,ABP,125.0,11831250.0,downloaded_signals\3000717_0024.csv,,242.3
mimic3wdb/1.0/30/3000717,3000717_0040,downloaded,ABP,125.0,17359875.0,downloaded_signals\3000717_0040.csv,,294.1
mimic3wdb/1.0/30/3000717,3000717_0042,downloaded,ABP,125.0,2590157.0,downloaded_signals\3000717_0042.csv,,315.0
mimic3wdb/1.0/30/3000717,3000717_0041,downloaded,ABP,125.0,15842343.0,downloaded_signals\3000717_0041.csv,,320.4
mimic3wdb/1.0/30/3000717,3000717_0046,downloaded,ABP,125.0,3143000.0,downloaded_signals\3000717_0046.csv,,332.2
mimic3wdb/1.0/30/3000717,3000717_0053,downloaded,ABP,125.0,4132500.0,downloaded_signals\3000717_0053.csv,,254.2
mimic3wdb/1.0/30/3000717,3000717_0059,downloaded,ABP,125.0,4524500.0,downloaded_signals\3000717_0059.csv,,282.9
mimic3wdb/1.0/30/3000717,3000717_0068,downloaded,ABP,125.0,1467628.0,downloaded_signals\3000717_0068.csv,,252.0
mimic3wdb/1.0/30/3000717,3000717_0067,downloaded,ABP,125.0,6501872.0,downloaded_signals\3000717_0067.csv,,336.0
mimic3wdb/1.0/30/3000717,3000717_0072,downloaded,ABP,125.0,1077500.0,downloaded_signals\3000717_0072.csv,,155.0
mimic3wdb/1.0/30/3000717,3000717_0069,downloaded,ABP,125.0,11819750.0,downloaded_signals\3000717_0069.csv,,300.0
mimic3wdb/1.0/30/3000717,3000717_0077,downloaded,ABP,125.0,8062876.0,downloaded_signals\3000717_0077.csv,,274.6
mimic3wdb/1.0/30/3000781,3000781_0004,downloaded,ABP,125.0,68000.0,downloaded_signals\3000781_0004.csv,,244.1
mimic3wdb/1.0/30/3000717,3000717_0078,downloaded,ABP,125.0,5492374.0,downloaded_signals\3000717_0078.csv,,309.8
mimic3wdb/1.0/30/3000781,3000781_0003,downloaded,ABP,125.0,1495250.0,downloaded_signals\3000781_0003.csv,,281.7
mimic3wdb/1.0/30/3000847,3000847_0011,downloaded,ABP,125.0,70656.0,downloaded_signals\3000847_0011.csv,,194.8
mimic3wdb/1.0/30/3000847,3000847_0014,downloaded,ABP,125.0,450048.0,downloaded_signals\3000847_0014.csv,,192.2
mimic3wdb/1.0/30/3000847,3000847_0018,downloaded,ABP,125.0,75264.0,downloaded_signals\3000847_0018.csv,,70.2
mimic3wdb/1.0/30/3000847,3000847_0020,downloaded,ABP,125.0,40192.0,downloaded_signals\3000847_0020.csv,,69.0
mimic3wdb/1.0/30/3000847,3000847_0025,downloaded,ABP,125.0,86219.0,downloaded_signals\3000847_0025.csv,,18.1
mimic3wdb/1.0/30/3000847,3000847_0027,downloaded,ABP,125.0,53750.0,downloaded_signals\3000847_0027.csv,,17.5
mimic3wdb/1.0/30/3000847,3000847_0030,downloaded,ABP,125.0,86656.0,downloaded_signals\3000847_0030.csv,,14.5
mimic3wdb/1.0/30/3000847,3000847_0031,downloaded,ABP,125.0,107264.0,downloaded_signals\3000847_0031.csv,,15.6
mimic3wdb/1.0/30/3000847,3000847_0032,downloaded,ABP,125.0,2010240.0,downloaded_signals\3000847_0032.csv,,37.3
mimic3wdb/1.0/30/3000847,3000847_0033,downloaded,ABP,125.0,1558272.0,downloaded_signals\3000847_0033.csv,,57.4
mimic3wdb/1.0/30/3000847,3000847_0035,downloaded,ABP,125.0,2468096.0,downloaded_signals\3000847_0035.csv,,96.0
mimic3wdb/1.0/30/3000847,3000847_0036,downloaded,ABP,125.0,980992.0,downloaded_signals\3000847_0036.csv,,104.2
mimic3wdb/1.0/30/3000847,3000847_0039,downloaded,ABP,125.0,44544.0,downloaded_signals\3000847_0039.csv,,123.4
mimic3wdb/1.0/30/3000847,3000847_0038,downloaded,ABP,125.0,1845120.0,downloaded_signals\3000847_0038.csv,,127.5
mimic3wdb/1.0/30/3000847,3000847_0040,downloaded,ABP,125.0,881575.0,downloaded_signals\3000847_0040.csv,,134.7
mimic3wdb/1.0/30/3000847,3000847_0047,downloaded,ABP,125.0,67456.0,downloaded_signals\3000847_0047.csv,,87.8
mimic3wdb/1.0/30/3000781,3000781_0005,downloaded,ABP,125.0,3104125.0,downloaded_signals\3000781_0005.csv,,394.6
mimic3wdb/1.0/30/3000847,3000847_0048,downloaded,ABP,125.0,285696.0,downloaded_signals\3000847_0048.csv,,53.3
mimic3wdb/1.0/30/3000847,3000847_0049,downloaded,ABP,125.0,252416.0,downloaded_signals\3000847_0049.csv,,46.9
mimic3wdb/1.0/30/3000847,3000847_0050,downloaded,ABP,125.0,42543.0,downloaded_signals\3000847_0050.csv,,25.9
mimic3wdb/1.0/30/3000847,3000847_0054,downloaded,ABP,125.0,143199.0,downloaded_signals\3000847_0054.csv,,27.9
mimic3wdb/1.0/30/3000847,3000847_0057,downloaded,ABP,125.0,757376.0,downloaded_signals\3000847_0057.csv,,24.5
mimic3wdb/1.0/30/3000847,3000847_0058,downloaded,ABP,125.0,145280.0,downloaded_signals\3000847_0058.csv,,23.6
mimic3wdb/1.0/30/3000847,3000847_0060,downloaded,ABP,125.0,78464.0,downloaded_signals\3000847_0060.csv,,20.8
mimic3wdb/1.0/30/3000847,3000847_0042,downloaded,ABP,125.0,2855004.0,downloaded_signals\3000847_0042.csv,,141.3
mimic3wdb/1.0/30/3000847,3000847_0063,downloaded,ABP,125.0,2619776.0,downloaded_signals\3000847_0063.csv,,57.5
mimic3wdb/1.0/30/3000847,3000847_0067,downloaded,ABP,125.0,132233.0,downloaded_signals\3000847_0067.csv,,52.7
mimic3wdb/1.0/30/3000847,3000847_0068,downloaded,ABP,125.0,658560.0,downloaded_signals\3000847_0068.csv,,61.5
mimic3wdb/1.0/30/3000847,3000847_0071,downloaded,ABP,125.0,152576.0,downloaded_signals\3000847_0071.csv,,102.1
mimic3wdb/1.0/30/3000847,3000847_0072,downloaded,ABP,125.0,136448.0,downloaded_signals\3000847_0072.csv,,103.4
mimic3wdb/1.0/30/3000847,3000847_0069,downloaded,ABP,125.0,3778432.0,downloaded_signals\3000847_0069.csv,,105.9
mimic3wdb/1.0/30/3000847,3000847_0074,downloaded,ABP,125.0,341888.0,downloaded_signals\3000847_0074.csv,,100.2
mimic3wdb/1.0/30/3000847,3000847_0075,downloaded,ABP,125.0,194304.0,downloaded_signals\3000847_0075.csv,,75.4
mimic3wdb/1.0/30/3000847,3000847_0078,downloaded,ABP,125.0,285056.0,downloaded_signals\3000847_0078.csv,,78.7
mimic3wdb/1.0/30/3000847,3000847_0079,downloaded,ABP,125.0,288520.0,downloaded_signals\3000847_0079.csv,,72.5
mimic3wdb/1.0/30/3000847,3000847_0081,downloaded,ABP,125.0,660500.0,downloaded_signals\3000847_0081.csv,,31.3
mimic3wdb/1.0/30/3000847,3000847_0064,downloaded,ABP,125.0,8626859.0,downloaded_signals\3000847_0064.csv,,152.1
mimic3wdb/1.0/30/3000855,3000855_0013,downloaded,ABP,125.0,1214875.0,downloaded_signals\3000855_0013.csv,,45.5
mimic3wdb/1.0/30/3000860,3000860_0004,downloaded,ABP,125.0,547250.0,downloaded_signals\3000860_0004.csv,,69.6
mimic3wdb/1.0/30/3000847,3000847_0084,downloaded,ABP,125.0,4438500.0,downloaded_signals\3000847_0084.csv,,88.0
mimic3wdb/1.0/30/3000860,3000860_0010,downloaded,ABP,125.0,1081125.0,downloaded_signals\3000860_0010.csv,,134.2
mimic3wdb/1.0/30/3000960,3000960_0002,downloaded,ABP,125.0,148152.0,downloaded_signals\3000960_0002.csv,,130.1
mimic3wdb/1.0/30/3000960,3000960_0007,downloaded,ABP,125.0,196621.0,downloaded_signals\3000960_0007.csv,,123.0
mimic3wdb/1.0/30/3000960,3000960_0009,downloaded,ABP,125.0,38117.0,downloaded_signals\3000960_0009.csv,,120.8
mimic3wdb/1.0/30/3000960,3000960_0011,downloaded,ABP,125.0,1704023.0,downloaded_signals\3000960_0011.csv,,131.4
mimic3wdb/1.0/30/3000960,3000960_0013,downloaded,ABP,125.0,257152.0,downloaded_signals\3000960_0013.csv,,104.4
mimic3wdb/1.0/30/3000960,3000960_0014,downloaded,ABP,125.0,350603.0,downloaded_signals\3000960_0014.csv,,96.4
mimic3wdb/1.0/30/3000960,3000960_0015,downloaded,ABP,125.0,2529397.0,downloaded_signals\3000960_0015.csv,,69.8
mimic3wdb/1.0/30/3000960,3000960_0016,downloaded,ABP,125.0,2431103.0,downloaded_signals\3000960_0016.csv,,99.7
mimic3wdb/1.0/30/3000960,3000960_0018,downloaded,ABP,125.0,1422125.0,downloaded_signals\3000960_0018.csv,,114.3
mimic3wdb/1.0/30/3000960,3000960_0020,downloaded,ABP,125.0,484250.0,downloaded_signals\3000960_0020.csv,,115.9
mimic3wdb/1.0/30/3000860,3000860_0007,downloaded,ABP,125.0,3484500.0,downloaded_signals\3000860_0007.csv,,260.7
mimic3wdb/1.0/30/3000983,3000983_0001,downloaded,ABP,125.0,727375.0,downloaded_signals\3000983_0001.csv,,129.8
mimic3wdb/1.0/30/3000989,3000989_0014,downloaded,ABP,125.0,555875.0,downloaded_signals\3000989_0014.csv,,31.1
mimic3wdb/1.0/30/3000989,3000989_0022,downloaded,ABP,125.0,5975750.0,downloaded_signals\3000989_0022.csv,,290.8
mimic3wdb/1.0/30/3000989,3000989_0002,timeout_skipped,,,,,"exceeded 300s timeout, ignored",>300
mimic3wdb/1.0/30/3000989,3000989_0004,timeout_skipped,,,,,"exceeded 300s timeout, ignored",>300
mimic3wdb/1.0/30/3000989,3000989_0006,timeout_skipped,,,,,"exceeded 300s timeout, ignored",>300
mimic3wdb/1.0/30/3000989,3000989_0008,timeout_skipped,,,,,"exceeded 300s timeout, ignored",>300
mimic3wdb/1.0/30/3000989,3000989_0009,timeout_skipped,,,,,"exceeded 300s timeout, ignored",>300
mimic3wdb/1.0/30/3000989,3000989_0010,timeout_skipped,,,,,"exceeded 300s timeout, ignored",>300
mimic3wdb/1.0/30/3000989,3000989_0012,timeout_skipped,,,,,"exceeded 300s timeout, ignored",>300
mimic3wdb/1.0/30/3000989,3000989_0017,timeout_skipped,,,,,"exceeded 300s timeout, ignored",>300
mimic3wdb/1.0/30/3000989,3000989_0019,timeout_skipped,,,,,"exceeded 300s timeout, ignored",>300
mimic3wdb/1.0/30/3000989,3000989_0025,timeout_skipped,,,,,"exceeded 300s timeout, ignored",>300
mimic3wdb/1.0/30/3000989,3000989_0028,timeout_skipped,,,,,"exceeded 300s timeout, ignored",>300
mimic3wdb/1.0/30/3001099,3001099_0003,timeout_skipped,,,,,"exceeded 300s timeout, ignored",>300
mimic3wdb/1.0/30/3001099,3001099_0008,timeout_skipped,,,,,"exceeded 300s timeout, ignored",>300
mimic3wdb/1.0/30/3001099,3001099_0010,timeout_skipped,,,,,"exceeded 300s timeout, ignored",>300
mimic3wdb/1.0/30/3001099,3001099_0012,timeout_skipped,,,,,"exceeded 300s timeout, ignored",>300
mimic3wdb/1.0/30/3001099,3001099_0014,timeout_skipped,,,,,"exceeded 300s timeout, ignored",>300
mimic3wdb/1.0/30/3001099,3001099_0015,timeout_skipped,,,,,"exceeded 300s timeout, ignored",>300
mimic3wdb/1.0/30/3001099,3001099_0017,timeout_skipped,,,,,"exceeded 300s timeout, ignored",>300
mimic3wdb/1.0/30/3001158,3001158_0005,timeout_skipped,,,,,"exceeded 300s timeout, ignored",>300
mimic3wdb/1.0/30/3001158,3001158_0007,downloaded,ART,125.0,2800500.0,downloaded_signals\3001158_0007.csv,,108.3
mimic3wdb/1.0/30/3001158,3001158_0009,downloaded,ART,125.0,352250.0,downloaded_signals\3001158_0009.csv,,14.3
mimic3wdb/1.0/30/3001202,3001202_0017,downloaded,ABP,125.0,1029000.0,downloaded_signals\3001202_0017.csv,,12.1
mimic3wdb/1.0/30/3001203,3001203_0002,downloaded,ABP,125.0,52000.0,downloaded_signals\3001203_0002.csv,,2.7
mimic3wdb/1.0/30/3001203,3001203_0006,downloaded,ABP,125.0,47000.0,downloaded_signals\3001203_0006.csv,,2.2
mimic3wdb/1.0/30/3001203,3001203_0007,downloaded,ABP,125.0,189875.0,downloaded_signals\3001203_0007.csv,,8.4
mimic3wdb/1.0/30/3001203,3001203_0010,downloaded,ABP,125.0,1228875.0,downloaded_signals\3001203_0010.csv,,46.0
mimic3wdb/1.0/30/3001203,3001203_0013,downloaded,ABP,125.0,329500.0,downloaded_signals\3001203_0013.csv,,13.0
mimic3wdb/1.0/30/3001203,3001203_0015,downloaded,ABP,125.0,4094250.0,downloaded_signals\3001203_0015.csv,,147.5
mimic3wdb/1.0/30/3001203,3001203_0018,downloaded,ABP,125.0,4688875.0,downloaded_signals\3001203_0018.csv,,175.2
mimic3wdb/1.0/30/3001203,3001203_0019,downloaded,ABP,125.0,66125.0,downloaded_signals\3001203_0019.csv,,3.1
mimic3wdb/1.0/30/3001203,3001203_0020,downloaded,ABP,125.0,505250.0,downloaded_signals\3001203_0020.csv,,18.7
mimic3wdb/1.0/30/3001203,3001203_0022,downloaded,ABP,125.0,531875.0,downloaded_signals\3001203_0022.csv,,21.2
mimic3wdb/1.0/30/3001203,3001203_0025,downloaded,ABP,125.0,944000.0,downloaded_signals\3001203_0025.csv,,38.2
mimic3wdb/1.0/30/3001203,3001203_0028,downloaded,ABP,125.0,1626500.0,downloaded_signals\3001203_0028.csv,,98.8
mimic3wdb/1.0/30/3001203,3001203_0031,downloaded,ABP,125.0,656375.0,downloaded_signals\3001203_0031.csv,,28.9
mimic3wdb/1.0/30/3001203,3001203_0033,downloaded,ABP,125.0,212875.0,downloaded_signals\3001203_0033.csv,,10.6
mimic3wdb/1.0/30/3001203,3001203_0036,downloaded,ABP,125.0,1527625.0,downloaded_signals\3001203_0036.csv,,61.8
mimic3wdb/1.0/30/3001203,3001203_0039,downloaded,ABP,125.0,336000.0,downloaded_signals\3001203_0039.csv,,15.7
mimic3wdb/1.0/30/3001203,3001203_0041,downloaded,ABP,125.0,401250.0,downloaded_signals\3001203_0041.csv,,23.2
mimic3wdb/1.0/30/3001203,3001203_0044,downloaded,ABP,125.0,2744500.0,downloaded_signals\3001203_0044.csv,,121.2
mimic3wdb/1.0/30/3001203,3001203_0048,downloaded,ABP,125.0,622750.0,downloaded_signals\3001203_0048.csv,,32.4
mimic3wdb/1.0/30/3001203,3001203_0049,downloaded,ABP,125.0,126000.0,downloaded_signals\3001203_0049.csv,,5.4
mimic3wdb/1.0/30/3001203,3001203_0050,downloaded,ABP,125.0,2262000.0,downloaded_signals\3001203_0050.csv,,109.0
mimic3wdb/1.0/30/3001203,3001203_0053,downloaded,ABP,125.0,194125.0,downloaded_signals\3001203_0053.csv,,10.8
mimic3wdb/1.0/30/3001203,3001203_0056,downloaded,ABP,125.0,125500.0,downloaded_signals\3001203_0056.csv,,9.8
mimic3wdb/1.0/30/3001203,3001203_0058,downloaded,ABP,125.0,136125.0,downloaded_signals\3001203_0058.csv,,9.1
mimic3wdb/1.0/30/3001203,3001203_0060,downloaded,ABP,125.0,1058125.0,downloaded_signals\3001203_0060.csv,,65.0
mimic3wdb/1.0/30/3001203,3001203_0063,downloaded,ABP,125.0,717125.0,downloaded_signals\3001203_0063.csv,,52.0
mimic3wdb/1.0/30/3001203,3001203_0065,downloaded,ABP,125.0,803625.0,downloaded_signals\3001203_0065.csv,,42.6
mimic3wdb/1.0/30/3001203,3001203_0068,downloaded,ABP,125.0,70875.0,downloaded_signals\3001203_0068.csv,,3.3
mimic3wdb/1.0/30/3001203,3001203_0069,downloaded,ABP,125.0,1280625.0,downloaded_signals\3001203_0069.csv,,50.5
mimic3wdb/1.0/30/3001203,3001203_0072,downloaded,ABP,125.0,812625.0,downloaded_signals\3001203_0072.csv,,52.5
mimic3wdb/1.0/30/3001203,3001203_0073,downloaded,ABP,125.0,375000.0,downloaded_signals\3001203_0073.csv,,15.6
mimic3wdb/1.0/30/3001203,3001203_0076,downloaded,ABP,125.0,219750.0,downloaded_signals\3001203_0076.csv,,9.5
mimic3wdb/1.0/30/3001203,3001203_0079,downloaded,ABP,125.0,267625.0,downloaded_signals\3001203_0079.csv,,12.1
mimic3wdb/1.0/30/3001203,3001203_0080,downloaded,ABP,125.0,322250.0,downloaded_signals\3001203_0080.csv,,8.6
mimic3wdb/1.0/30/3001221,3001221_0002,downloaded,ABP,125.0,111625.0,downloaded_signals\3001221_0002.csv,,1.9
mimic3wdb/1.0/30/3001221,3001221_0004,downloaded,ABP,125.0,288750.0,downloaded_signals\3001221_0004.csv,,3.8
mimic3wdb/1.0/30/3001262,3001262_0008,downloaded,ABP,125.0,519552.0,downloaded_signals\3001262_0008.csv,,6.0
mimic3wdb/1.0/30/3001262,3001262_0009,downloaded,ABP,125.0,1259264.0,downloaded_signals\3001262_0009.csv,,33.0
mimic3wdb/1.0/30/3001262,3001262_0010,downloaded,ABP,125.0,5140102.0,downloaded_signals\3001262_0010.csv,,88.1
mimic3wdb/1.0/30/3001262,3001262_0012,downloaded,ABP,125.0,2241250.0,downloaded_signals\3001262_0012.csv,,52.8
mimic3wdb/1.0/30/3001262,3001262_0013,downloaded,ABP,125.0,47125.0,downloaded_signals\3001262_0013.csv,,1.3
mimic3wdb/1.0/30/3001262,3001262_0015,downloaded,ABP,125.0,541835.0,downloaded_signals\3001262_0015.csv,,12.4
mimic3wdb/1.0/30/3001262,3001262_0017,downloaded,ABP,125.0,7198625.0,downloaded_signals\3001262_0017.csv,,110.2
mimic3wdb/1.0/30/3001262,3001262_0021,downloaded,ABP,125.0,4497375.0,downloaded_signals\3001262_0021.csv,,65.6
mimic3wdb/1.0/30/3001262,3001262_0024,downloaded,ABP,125.0,149500.0,downloaded_signals\3001262_0024.csv,,2.7
mimic3wdb/1.0/30/3001262,3001262_0031,downloaded,ABP,125.0,81875.0,downloaded_signals\3001262_0031.csv,,1.7
mimic3wdb/1.0/30/3001281,3001281_0003,downloaded,ABP,125.0,2504585.0,downloaded_signals\3001281_0003.csv,,32.5
mimic3wdb/1.0/30/3001281,3001281_0004,downloaded,ABP,125.0,82500.0,downloaded_signals\3001281_0004.csv,,1.4
mimic3wdb/1.0/30/3001360,3001360_0003,downloaded,ABP,125.0,138500.0,downloaded_signals\3001360_0003.csv,,2.7
mimic3wdb/1.0/30/3001360,3001360_0004,downloaded,ABP,125.0,1337250.0,downloaded_signals\3001360_0004.csv,,18.1
mimic3wdb/1.0/30/3001360,3001360_0006,downloaded,ABP,125.0,4767000.0,downloaded_signals\3001360_0006.csv,,75.0
mimic3wdb/1.0/30/3001360,3001360_0008,downloaded,ABP,125.0,1518375.0,downloaded_signals\3001360_0008.csv,,18.3
mimic3wdb/1.0/30/3001360,3001360_0009,downloaded,ABP,125.0,5165625.0,downloaded_signals\3001360_0009.csv,,107.8
mimic3wdb/1.0/30/3001469,3001469_0013,downloaded,ABP,125.0,313504.0,downloaded_signals\3001469_0013.csv,,6.6
mimic3wdb/1.0/30/3001469,3001469_0014,downloaded,ABP,125.0,1827871.0,downloaded_signals\3001469_0014.csv,,33.9
mimic3wdb/1.0/30/3001469,3001469_0016,downloaded,ABP,125.0,4419625.0,downloaded_signals\3001469_0016.csv,,70.2
mimic3wdb/1.0/30/3001469,3001469_0018,downloaded,ABP,125.0,441625.0,downloaded_signals\3001469_0018.csv,,13.5
mimic3wdb/1.0/30/3001469,3001469_0020,downloaded,ABP,125.0,3865000.0,downloaded_signals\3001469_0020.csv,,53.5
mimic3wdb/1.0/30/3001469,3001469_0024,downloaded,ABP,125.0,144000.0,downloaded_signals\3001469_0024.csv,,2.7
mimic3wdb/1.0/30/3001551,3001551_0022,downloaded,ABP,125.0,135875.0,downloaded_signals\3001551_0022.csv,,7.5
mimic3wdb/1.0/30/3001551,3001551_0024,downloaded,ABP,125.0,84250.0,downloaded_signals\3001551_0024.csv,,4.8
mimic3wdb/1.0/30/3001551,3001551_0028,downloaded,ABP,125.0,337500.0,downloaded_signals\3001551_0028.csv,,17.7
mimic3wdb/1.0/30/3001551,3001551_0030,downloaded,ABP,125.0,1347375.0,downloaded_signals\3001551_0030.csv,,95.0
mimic3wdb/1.0/30/3001554,3001554_0004,downloaded,ABP,125.0,1255250.0,downloaded_signals\3001554_0004.csv,,70.1
mimic3wdb/1.0/30/3001554,3001554_0006,timeout_skipped,,,,,"exceeded 300s timeout, ignored",>300
mimic3wdb/1.0/30/3001557,3001557_0003,downloaded,ABP,125.0,225000.0,downloaded_signals\3001557_0003.csv,,2.6
mimic3wdb/1.0/30/3001557,3001557_0004,downloaded,ABP,125.0,292500.0,downloaded_signals\3001557_0004.csv,,3.1
mimic3wdb/1.0/30/3001557,3001557_0005,downloaded,ABP,125.0,3474262.0,downloaded_signals\3001557_0005.csv,,48.3
mimic3wdb/1.0/30/3001557,3001557_0012,downloaded,ABP,125.0,675460.0,downloaded_signals\3001557_0012.csv,,16.0
mimic3wdb/1.0/30/3001557,3001557_0013,downloaded,ABP,125.0,1421238.0,downloaded_signals\3001557_0013.csv,,20.0
mimic3wdb/1.0/30/3001557,3001557_0017,downloaded,ABP,125.0,340710.0,downloaded_signals\3001557_0017.csv,,4.8
mimic3wdb/1.0/30/3001557,3001557_0031,downloaded,ABP,125.0,1705002.0,downloaded_signals\3001557_0031.csv,,33.5
mimic3wdb/1.0/30/3001570,3001570_0002,downloaded,ABP,125.0,1939886.0,downloaded_signals\3001570_0002.csv,,26.9
mimic3wdb/1.0/30/3001570,3001570_0003,downloaded,ABP,125.0,843739.0,downloaded_signals\3001570_0003.csv,,8.9
mimic3wdb/1.0/30/3001637,3001637_0008,downloaded,ABP,125.0,101760.0,downloaded_signals\3001637_0008.csv,,2.0
mimic3wdb/1.0/30/3001637,3001637_0010,downloaded,ABP,125.0,130944.0,downloaded_signals\3001637_0010.csv,,2.3
mimic3wdb/1.0/30/3001637,3001637_0011,downloaded,ABP,125.0,1197312.0,downloaded_signals\3001637_0011.csv,,25.4
mimic3wdb/1.0/30/3001637,3001637_0012,downloaded,ABP,125.0,93056.0,downloaded_signals\3001637_0012.csv,,2.1
mimic3wdb/1.0/30/3001637,3001637_0015,downloaded,ABP,125.0,191488.0,downloaded_signals\3001637_0015.csv,,7.5
mimic3wdb/1.0/30/3001637,3001637_0016,downloaded,ABP,125.0,358144.0,downloaded_signals\3001637_0016.csv,,8.2
mimic3wdb/1.0/30/3001637,3001637_0017,downloaded,ABP,125.0,4813943.0,downloaded_signals\3001637_0017.csv,,86.8
mimic3wdb/1.0/30/3001637,3001637_0019,downloaded,ABP,125.0,1044625.0,downloaded_signals\3001637_0019.csv,,14.2
mimic3wdb/1.0/30/3001637,3001637_0021,downloaded,ABP,125.0,2103500.0,downloaded_signals\3001637_0021.csv,,45.1
mimic3wdb/1.0/30/3001637,3001637_0023,downloaded,ABP,125.0,87474.0,downloaded_signals\3001637_0023.csv,,2.7
mimic3wdb/1.0/30/3001637,3001637_0030,downloaded,ABP,125.0,49375.0,downloaded_signals\3001637_0030.csv,,1.9
mimic3wdb/1.0/30/3001637,3001637_0034,downloaded,ABP,125.0,200375.0,downloaded_signals\3001637_0034.csv,,4.8
mimic3wdb/1.0/30/3001689,3001689_0001,downloaded,ABP,125.0,12510000.0,downloaded_signals\3001689_0001.csv,,180.2
mimic3wdb/1.0/30/3001772,3001772_0007,downloaded,ART,125.0,3219750.0,downloaded_signals\3001772_0007.csv,,41.1
mimic3wdb/1.0/30/3001810,3001810_0002,downloaded,ABP,125.0,5946750.0,downloaded_signals\3001810_0002.csv,,63.1
mimic3wdb/1.0/30/3001912,3001912_0005,downloaded,ABP,125.0,632625.0,downloaded_signals\3001912_0005.csv,,42.4
mimic3wdb/1.0/30/3001912,3001912_0006,downloaded,ABP,125.0,55375.0,downloaded_signals\3001912_0006.csv,,4.8
mimic3wdb/1.0/30/3001912,3001912_0007,downloaded,ABP,125.0,853625.0,downloaded_signals\3001912_0007.csv,,75.6
mimic3wdb/1.0/30/3001912,3001912_0009,downloaded,ABP,125.0,168750.0,downloaded_signals\3001912_0009.csv,,9.1
mimic3wdb/1.0/30/3001912,3001912_0012,downloaded,ABP,125.0,1458625.0,downloaded_signals\3001912_0012.csv,,71.5
mimic3wdb/1.0/30/3001920,3001920_0014,downloaded,ABP,125.0,351232.0,downloaded_signals\3001920_0014.csv,,5.3
mimic3wdb/1.0/30/3001920,3001920_0015,downloaded,ABP,125.0,426616.0,downloaded_signals\3001920_0015.csv,,5.6
mimic3wdb/1.0/30/3001920,3001920_0019,downloaded,ABP,125.0,38981.0,downloaded_signals\3001920_0019.csv,,1.2
mimic3wdb/1.0/30/3001920,3001920_0026,downloaded,ABP,125.0,143484.0,downloaded_signals\3001920_0026.csv,,3.4
mimic3wdb/1.0/30/3001920,3001920_0030,downloaded,ABP,125.0,54012.0,downloaded_signals\3001920_0030.csv,,1.3
mimic3wdb/1.0/30/3001920,3001920_0037,downloaded,ABP,125.0,546076.0,downloaded_signals\3001920_0037.csv,,8.2
mimic3wdb/1.0/30/3001920,3001920_0039,downloaded,ABP,125.0,416000.0,downloaded_signals\3001920_0039.csv,,8.2
mimic3wdb/1.0/30/3001920,3001920_0047,downloaded,ABP,125.0,38288.0,downloaded_signals\3001920_0047.csv,,1.5
mimic3wdb/1.0/30/3001937,3001937_0002,downloaded,ABP,125.0,2712625.0,downloaded_signals\3001937_0002.csv,,177.0
mimic3wdb/1.0/30/3001937,3001937_0005,downloaded,ABP,125.0,1679750.0,downloaded_signals\3001937_0005.csv,,97.3
mimic3wdb/1.0/30/3001937,3001937_0009,timeout_skipped,,,,,"exceeded 300s timeout, ignored",>300
mimic3wdb/1.0/30/3001937,3001937_0012,downloaded,ABP,125.0,931625.0,downloaded_signals\3001937_0012.csv,,54.7
mimic3wdb/1.0/30/3001980,3001980_0015,downloaded,ABP,125.0,5671875.0,downloaded_signals\3001980_0015.csv,,186.5
mimic3wdb/1.0/30/3001980,3001980_0016,downloaded,ABP,125.0,3209125.0,downloaded_signals\3001980_0016.csv,,116.7
mimic3wdb/1.0/30/3001980,3001980_0018,downloaded,ABP,125.0,5686500.0,downloaded_signals\3001980_0018.csv,,178.7
mimic3wdb/1.0/30/3001980,3001980_0019,downloaded,ABP,125.0,224125.0,downloaded_signals\3001980_0019.csv,,10.3
mimic3wdb/1.0/30/3001980,3001980_0020,downloaded,ABP,125.0,2117500.0,downloaded_signals\3001980_0020.csv,,81.2
mimic3wdb/1.0/30/3001980,3001980_0023,downloaded,ABP,125.0,1057750.0,downloaded_signals\3001980_0023.csv,,32.0
mimic3wdb/1.0/30/3001980,3001980_0024,downloaded,ABP,125.0,41750.0,downloaded_signals\3001980_0024.csv,,1.9
mimic3wdb/1.0/30/3002090,3002090_0003,downloaded,ABP,125.0,1183206.0,downloaded_signals\3002090_0003.csv,,15.2
mimic3wdb/1.0/30/3002090,3002090_0004,downloaded,ABP,125.0,285124.0,downloaded_signals\3002090_0004.csv,,4.2
mimic3wdb/1.0/30/3002090,3002090_0006,downloaded,ABP,125.0,465724.0,downloaded_signals\3002090_0006.csv,,6.8
mimic3wdb/1.0/30/3002090,3002090_0007,downloaded,ABP,125.0,1510818.0,downloaded_signals\3002090_0007.csv,,21.0
mimic3wdb/1.0/30/3002090,3002090_0008,downloaded,ABP,125.0,3734075.0,downloaded_signals\3002090_0008.csv,,46.8
mimic3wdb/1.0/30/3002090,3002090_0009,downloaded,ABP,125.0,19773050.0,downloaded_signals\3002090_0009.csv,,242.7
mimic3wdb/1.0/30/3002090,3002090_0010,downloaded,ABP,125.0,650750.0,downloaded_signals\3002090_0010.csv,,7.0
mimic3wdb/1.0/30/3002090,3002090_0011,downloaded,ABP,125.0,2171375.0,downloaded_signals\3002090_0011.csv,,35.6
mimic3wdb/1.0/30/3002094,3002094_0010,downloaded,ABP,125.0,79875.0,downloaded_signals\3002094_0010.csv,,4.5
mimic3wdb/1.0/30/3002094,3002094_0012,timeout_skipped,,,,,"exceeded 300s timeout, ignored",>300
mimic3wdb/1.0/30/3002094,3002094_0015,downloaded,ABP,125.0,1757375.0,downloaded_signals\3002094_0015.csv,,121.4
mimic3wdb/1.0/30/3002094,3002094_0018,downloaded,ABP,125.0,1707500.0,downloaded_signals\3002094_0018.csv,,109.8
mimic3wdb/1.0/30/3002094,3002094_0021,downloaded,ABP,125.0,2226375.0,downloaded_signals\3002094_0021.csv,,129.5
mimic3wdb/1.0/30/3002094,3002094_0023,downloaded,ABP,125.0,690625.0,downloaded_signals\3002094_0023.csv,,37.9
mimic3wdb/1.0/30/3002094,3002094_0026,downloaded,ABP,125.0,1506125.0,downloaded_signals\3002094_0026.csv,,93.6
mimic3wdb/1.0/30/3002094,3002094_0029,downloaded,ABP,125.0,923000.0,downloaded_signals\3002094_0029.csv,,47.8
mimic3wdb/1.0/30/3002151,3002151_0003,downloaded,ABP,125.0,769125.0,downloaded_signals\3002151_0003.csv,,34.3
mimic3wdb/1.0/30/3002151,3002151_0005,timeout_skipped,,,,,"exceeded 300s timeout, ignored",>300
mimic3wdb/1.0/30/3002229,3002229_0022,downloaded,ABP,125.0,325875.0,downloaded_signals\3002229_0022.csv,,5.3
mimic3wdb/1.0/30/3002229,3002229_0026,downloaded,ABP,125.0,1538989.0,downloaded_signals\3002229_0026.csv,,22.3
mimic3wdb/1.0/30/3002229,3002229_0027,downloaded,ABP,125.0,1198761.0,downloaded_signals\3002229_0027.csv,,19.2
mimic3wdb/1.0/30/3002229,3002229_0029,downloaded,ABP,125.0,5047770.0,downloaded_signals\3002229_0029.csv,,76.5
mimic3wdb/1.0/30/3002229,3002229_0031,downloaded,ABP,125.0,311944.0,downloaded_signals\3002229_0031.csv,,5.6
mimic3wdb/1.0/30/3002229,3002229_0033,downloaded,ABP,125.0,2458107.0,downloaded_signals\3002229_0033.csv,,30.8
mimic3wdb/1.0/30/3002229,3002229_0039,downloaded,ABP,125.0,5965043.0,downloaded_signals\3002229_0039.csv,,86.7
mimic3wdb/1.0/30/3002229,3002229_0045,downloaded,ABP,125.0,1956625.0,downloaded_signals\3002229_0045.csv,,32.4
mimic3wdb/1.0/30/3002229,3002229_0049,downloaded,ABP,125.0,1813750.0,downloaded_signals\3002229_0049.csv,,40.7
mimic3wdb/1.0/30/3002229,3002229_0053,downloaded,ABP,125.0,12465625.0,downloaded_signals\3002229_0053.csv,,169.8
mimic3wdb/1.0/30/3002229,3002229_0055,downloaded,ABP,125.0,6054072.0,downloaded_signals\3002229_0055.csv,,109.5
mimic3wdb/1.0/30/3002229,3002229_0060,downloaded,ABP,125.0,1706000.0,downloaded_signals\3002229_0060.csv,,28.5
mimic3wdb/1.0/30/3002324,3002324_0008,downloaded,ART,125.0,210625.0,downloaded_signals\3002324_0008.csv,,12.7
mimic3wdb/1.0/30/3002324,3002324_0013,downloaded,ABP,125.0,314250.0,downloaded_signals\3002324_0013.csv,,18.3
mimic3wdb/1.0/30/3002324,3002324_0015,downloaded,ABP,125.0,314375.0,downloaded_signals\3002324_0015.csv,,18.8
mimic3wdb/1.0/30/3002324,3002324_0017,downloaded,"ABP,ART",125.0,209250.0,downloaded_signals\3002324_0017.csv,,20.8
mimic3wdb/1.0/30/3002324,3002324_0020,downloaded,"ABP,ART",125.0,104250.0,downloaded_signals\3002324_0020.csv,,10.2
mimic3wdb/1.0/30/3002324,3002324_0023,downloaded,"ABP,ART",125.0,1243000.0,downloaded_signals\3002324_0023.csv,,77.4
mimic3wdb/1.0/30/3002324,3002324_0025,downloaded,"ABP,ART",125.0,1493250.0,downloaded_signals\3002324_0025.csv,,91.1
mimic3wdb/1.0/30/3002338,3002338_0020,downloaded,ABP,125.0,294974.0,downloaded_signals\3002338_0020.csv,,4.1
mimic3wdb/1.0/30/3002338,3002338_0023,downloaded,ABP,125.0,1665000.0,downloaded_signals\3002338_0023.csv,,25.3
mimic3wdb/1.0/30/3002398,3002398_0003,downloaded,ABP,125.0,107625.0,downloaded_signals\3002398_0003.csv,,1.9
mimic3wdb/1.0/30/3002398,3002398_0005,downloaded,ABP,125.0,7330500.0,downloaded_signals\3002398_0005.csv,,59.2
mimic3wdb/1.0/30/3002398,3002398_0006,downloaded,ABP,125.0,2473750.0,downloaded_signals\3002398_0006.csv,,20.4
mimic3wdb/1.0/30/3002489,3002489_0001,downloaded,ABP,125.0,1740000.0,downloaded_signals\3002489_0001.csv,,21.6
mimic3wdb/1.0/30/3002507,3002507_0001,downloaded,ABP,125.0,48000.0,downloaded_signals\3002507_0001.csv,,1.4
mimic3wdb/1.0/30/3002507,3002507_0003,downloaded,ABP,125.0,834500.0,downloaded_signals\3002507_0003.csv,,11.0
mimic3wdb/1.0/30/3002507,3002507_0005,downloaded,ABP,125.0,2250500.0,downloaded_signals\3002507_0005.csv,,27.0
mimic3wdb/1.0/30/3002507,3002507_0007,downloaded,ABP,125.0,1452125.0,downloaded_signals\3002507_0007.csv,,17.9
mimic3wdb/1.0/30/3002507,3002507_0009,downloaded,ABP,125.0,2768203.0,downloaded_signals\3002507_0009.csv,,53.3
mimic3wdb/1.0/30/3002511,3002511_0006,downloaded,ABP,125.0,475500.0,downloaded_signals\3002511_0006.csv,,21.3
mimic3wdb/1.0/30/3002511,3002511_0009,downloaded,ABP,125.0,234625.0,downloaded_signals\3002511_0009.csv,,12.3
mimic3wdb/1.0/30/3002511,3002511_0012,downloaded,ABP,125.0,201875.0,downloaded_signals\3002511_0012.csv,,11.0
mimic3wdb/1.0/30/3002511,3002511_0014,downloaded,ABP,125.0,505500.0,downloaded_signals\3002511_0014.csv,,26.8
mimic3wdb/1.0/30/3002511,3002511_0017,downloaded,ABP,125.0,313750.0,downloaded_signals\3002511_0017.csv,,16.4
mimic3wdb/1.0/30/3002511,3002511_0020,downloaded,ABP,125.0,951500.0,downloaded_signals\3002511_0020.csv,,49.1
mimic3wdb/1.0/30/3002511,3002511_0023,downloaded,ABP,125.0,176125.0,downloaded_signals\3002511_0023.csv,,9.6
mimic3wdb/1.0/30/3002511,3002511_0026,downloaded,ABP,125.0,139625.0,downloaded_signals\3002511_0026.csv,,7.0
mimic3wdb/1.0/30/3002511,3002511_0036,downloaded,ABP,125.0,218000.0,downloaded_signals\3002511_0036.csv,,10.1
mimic3wdb/1.0/30/3002511,3002511_0039,downloaded,ABP,125.0,682750.0,downloaded_signals\3002511_0039.csv,,30.0
mimic3wdb/1.0/30/3002511,3002511_0040,downloaded,ABP,125.0,2852875.0,downloaded_signals\3002511_0040.csv,,140.9
mimic3wdb/1.0/30/3002511,3002511_0043,downloaded,ABP,125.0,705125.0,downloaded_signals\3002511_0043.csv,,33.0
mimic3wdb/1.0/30/3002511,3002511_0044,downloaded,ABP,125.0,1733375.0,downloaded_signals\3002511_0044.csv,,86.3
mimic3wdb/1.0/30/3002511,3002511_0046,downloaded,ABP,125.0,3008125.0,downloaded_signals\3002511_0046.csv,,161.1
mimic3wdb/1.0/30/3002511,3002511_0047,downloaded,ABP,125.0,72250.0,downloaded_signals\3002511_0047.csv,,5.7
mimic3wdb/1.0/30/3002511,3002511_0050,downloaded,ABP,125.0,560750.0,downloaded_signals\3002511_0050.csv,,28.5
